<?xml version="1.0" encoding="UTF-8"?>
<project-private xmlns="http://www.netbeans.org/ns/project-private/1">
    <editor-bookmarks xmlns="http://www.netbeans.org/ns/editor-bookmarks/2" lastBookmarkId="0"/>
    <open-files xmlns="http://www.netbeans.org/ns/projectui-open-files/2">
        <group>
            <file>file:/C:/Users/ivetm/MPLABXProjects/LsSnake_ivet_mompin/MAIN.c</file>
            <file>file:/C:/Users/ivetm/MPLABXProjects/LsSnake_ivet_mompin/Eusart.c</file>
            <file>file:/C:/Users/ivetm/MPLABXProjects/LsSnake_ivet_mompin/data.c</file>
            <file>file:/C:/Users/ivetm/MPLABXProjects/LsSnake_ivet_mompin/SMS.c</file>
            <file>file:/C:/Users/ivetm/MPLABXProjects/LsSnake_ivet_mompin/TData.h</file>
            <file>file:/C:/Users/ivetm/MPLABXProjects/LsSnake_ivet_mompin/queueUser.c</file>
        </group>
    </open-files>
</project-private>
