<?xml version="1.0" encoding="UTF-8"?>
<project-private xmlns="http://www.netbeans.org/ns/project-private/1">
    <editor-bookmarks xmlns="http://www.netbeans.org/ns/editor-bookmarks/2" lastBookmarkId="0"/>
    <open-files xmlns="http://www.netbeans.org/ns/projectui-open-files/2">
        <group>
            <file>file:/C:/Users/alfon/OneDrive/Escritorio/Compus_Practica/LSSudoku/LSSudoku.X/Time.c</file>
            <file>file:/C:/Users/alfon/OneDrive/Escritorio/Compus_Practica/LSSudoku/LSSudoku.X/EEPROM.h</file>
            <file>file:/C:/Users/alfon/OneDrive/Escritorio/Compus_Practica/LSSudoku/LSSudoku.X/Keyboard.h</file>
            <file>file:/C:/Users/alfon/OneDrive/Escritorio/Compus_Practica/LSSudoku/LSSudoku.X/EUSART.c</file>
            <file>file:/C:/Users/alfon/OneDrive/Escritorio/Compus_Practica/LSSudoku/LSSudoku.X/Logic.c</file>
            <file>file:/C:/Users/alfon/OneDrive/Escritorio/Compus_Practica/LSSudoku/LSSudoku.X/Speaker.h</file>
            <file>file:/C:/Users/alfon/OneDrive/Escritorio/Compus_Practica/LSSudoku/LSSudoku.X/EEPROM.c</file>
            <file>file:/C:/Users/alfon/OneDrive/Escritorio/Compus_Practica/LSSudoku/LSSudoku.X/main.c</file>
            <file>file:/C:/Users/alfon/OneDrive/Escritorio/Compus_Practica/LSSudoku/LSSudoku.X/Speaker.c</file>
            <file>file:/C:/Users/alfon/OneDrive/Escritorio/Compus_Practica/LSSudoku/LSSudoku.X/Time.h</file>
            <file>file:/C:/Users/alfon/OneDrive/Escritorio/Compus_Practica/LSSudoku/LSSudoku.X/TTimer.h</file>
            <file>file:/C:/Users/alfon/OneDrive/Escritorio/Compus_Practica/LSSudoku/LSSudoku.X/Joystick.c</file>
            <file>file:/C:/Users/alfon/OneDrive/Escritorio/Compus_Practica/LSSudoku/LSSudoku.X/TTimer.c</file>
            <file>file:/C:/Users/alfon/OneDrive/Escritorio/Compus_Practica/LSSudoku/LSSudoku.X/LcTLCD.h</file>
            <file>file:/C:/Users/alfon/OneDrive/Escritorio/Compus_Practica/LSSudoku/LSSudoku.X/LcTLCD.c</file>
            <file>file:/C:/Users/alfon/OneDrive/Escritorio/Compus_Practica/LSSudoku/LSSudoku.X/Keyboard.c</file>
            <file>file:/C:/Users/alfon/OneDrive/Escritorio/Compus_Practica/LSSudoku/LSSudoku.X/Bluetooth.c</file>
        </group>
    </open-files>
</project-private>
