<?xml version="1.0" encoding="UTF-8"?>
<project-private xmlns="http://www.netbeans.org/ns/project-private/1">
    <editor-bookmarks xmlns="http://www.netbeans.org/ns/editor-bookmarks/1"/>
    <editor-bookmarks xmlns="http://www.netbeans.org/ns/editor-bookmarks/2" lastBookmarkId="0"/>
    <open-files xmlns="http://www.netbeans.org/ns/projectui-open-files/2">
        <group>
            <file>file:/C:/Documents/School/2ndyear/COMPUS/ClassExercisesC/Code%20provided/2019.05.19-SDM-1819-P2-FB-karlfabian.svensson-olivia.rey-fernando.villamarin/Casino.c</file>
            <file>file:/C:/Documents/School/2ndyear/COMPUS/ClassExercisesC/Code%20provided/2019.05.19-SDM-1819-P2-FB-karlfabian.svensson-olivia.rey-fernando.villamarin/nbproject/Makefile-impl.mk</file>
            <file>file:/C:/Documents/School/2ndyear/COMPUS/ClassExercisesC/Code%20provided/2019.05.19-SDM-1819-P2-FB-karlfabian.svensson-olivia.rey-fernando.villamarin/main.c</file>
            <file>file:/C:/Documents/School/2ndyear/COMPUS/ClassExercisesC/Code%20provided/2019.05.19-SDM-1819-P2-FB-karlfabian.svensson-olivia.rey-fernando.villamarin/Keypad.h</file>
            <file>file:/C:/Documents/School/2ndyear/COMPUS/ClassExercisesC/Code%20provided/2019.05.19-SDM-1819-P2-FB-karlfabian.svensson-olivia.rey-fernando.villamarin/Keypad.c</file>
            <file>file:/C:/Documents/School/2ndyear/COMPUS/ClassExercisesC/Code%20provided/2019.05.19-SDM-1819-P2-FB-karlfabian.svensson-olivia.rey-fernando.villamarin/nbproject/Makefile-default.mk</file>
        </group>
    </open-files>
</project-private>
