<?xml version="1.0" encoding="UTF-8"?>
<project-private xmlns="http://www.netbeans.org/ns/project-private/1">
    <editor-bookmarks xmlns="http://www.netbeans.org/ns/editor-bookmarks/2" lastBookmarkId="1">
        <file>
            <url>Menu.c</url>
            <bookmark id="1">
                <name/>
                <line>0</line>
                <key/>
            </bookmark>
        </file>
    </editor-bookmarks>
    <open-files xmlns="http://www.netbeans.org/ns/projectui-open-files/2">
        <group>
            <file>file:/C:/Users/maria/MPLABXProjects/P2_F3.X/P2_F2.X/TX.c</file>
            <file>file:/C:/Users/maria/MPLABXProjects/P2_F3.X/P2_F2.X/Keypad.h</file>
            <file>file:/C:/Users/maria/MPLABXProjects/P2_F3.X/P2_F2.X/LcTLCD.c</file>
            <file>file:/C:/Users/maria/MPLABXProjects/P2_F3.X/P2_F2.X/Keypad.c</file>
        </group>
    </open-files>
</project-private>
