<?xml version="1.0" encoding="UTF-8"?>
<project-private xmlns="http://www.netbeans.org/ns/project-private/1">
    <editor-bookmarks xmlns="http://www.netbeans.org/ns/editor-bookmarks/2" lastBookmarkId="0"/>
    <open-files xmlns="http://www.netbeans.org/ns/projectui-open-files/2">
        <group>
            <file>file:/C:/Users/adril/OneDrive/Desktop/Compus/compusP2B/project/Project2B.X/Joystick.h</file>
            <file>file:/C:/Users/adril/OneDrive/Desktop/Compus/compusP2B/project/Project2B.X/time.c</file>
            <file>file:/C:/Users/adril/OneDrive/Desktop/Compus/compusP2B/project/Project2B.X/EEPROM.c</file>
            <file>file:/C:/Users/adril/OneDrive/Desktop/Compus/compusP2B/project/Project2B.X/TTimer.h</file>
            <file>file:/C:/Users/adril/OneDrive/Desktop/Compus/compusP2B/project/Project2B.X/EEPROM.h</file>
            <file>file:/C:/Users/adril/OneDrive/Desktop/Compus/compusP2B/project/Project2B.X/Audio.c</file>
            <file>file:/C:/Users/adril/OneDrive/Desktop/Compus/compusP2B/project/Project2B.X/time.h</file>
            <file>file:/C:/Users/adril/OneDrive/Desktop/Compus/compusP2B/project/Project2B.X/SIO.h</file>
            <file>file:/C:/Users/adril/OneDrive/Desktop/Compus/compusP2B/project/Project2B.X/main.c</file>
            <file>file:/C:/Users/adril/OneDrive/Desktop/Compus/compusP2B/project/Project2B.X/Menu.c</file>
        </group>
    </open-files>
</project-private>
